Title,Link,Thumbnail,Views,Time
"Cody Rhodes LLEGA a Puerto Rico: WWE Ahora, May 5, 2023",https://www.youtube.com/watch?v=HyVoJ3aU8_w,https://i.ytimg.com/vi/HyVoJ3aU8_w/hqdefault.jpg?sqp=-oaymwEcCNACELwBSFXyq4qpAw4IARUAAIhCGAFwAcABBg==&rs=AOn4CLD-aDtC-LilU8TwuzWGnd5CeroviQ,5.1K views,42 minutes ago
FULL MATCH — Sami Zayn vs. Baron Corbin: WWE Backlash 2017,https://www.youtube.com/watch?v=HyVoJ3aU8_w,https://i.ytimg.com/vi/p6X7igwaZ8c/hqdefault.jpg?sqp=-oaymwEcCNACELwBSFXyq4qpAw4IARUAAIhCGAFwAcABBg==&rs=AOn4CLAT-4vR18wuXT6XZ89AEAZWVc8rog,8.7K views,1 hour ago
"Cody Rhodes lands in Puerto Rico ahead of WWE Backlash: WWE Now, May 5, 2023",https://www.youtube.com/watch?v=HyVoJ3aU8_w,https://i.ytimg.com/vi/-jxdQcLzo7w/hqdefault.jpg?sqp=-oaymwEcCNACELwBSFXyq4qpAw4IARUAAIhCGAFwAcABBg==&rs=AOn4CLAK_zRm489nKJTyvzo3q0hERtHUhw,5.9K views,1 hour ago
Rey Mysterio vs. Dominik Mysterio | Full Story | Backlash Special (Hindi): WWE Now India,https://www.youtube.com/watch?v=p6X7igwaZ8c,https://i.ytimg.com/vi/2BxzJarC3io/hqdefault.jpg?sqp=-oaymwEcCNACELwBSFXyq4qpAw4IARUAAIhCGAFwAcABBg==&rs=AOn4CLCZ2sdqepmzBU4PhTxcUshN2rM_JQ,618 views,2 hours ago
WWE Backlash Cold Open featuring host Bad Bunny,https://www.youtube.com/watch?v=p6X7igwaZ8c,https://i.ytimg.com/vi/hFtcz63PMno/hqdefault.jpg?sqp=-oaymwEcCNACELwBSFXyq4qpAw4IARUAAIhCGAFwAcABBg==&rs=AOn4CLArGzOii6QOpdHsM7fsslghivzn5g,19K views,2 hours ago
Professional axe-throwers tutor “Stone Cold” Steve Austin: A&E “Stone Cold” Takes on America,https://www.youtube.com/watch?v=p6X7igwaZ8c,https://i.ytimg.com/vi/g6ii34OLtnU/hqdefault.jpg?sqp=-oaymwEcCNACELwBSFXyq4qpAw4IARUAAIhCGAFwAcABBg==&rs=AOn4CLBe-2Y77mqsFrebu1UomqoZY82mWA,10K views,2 hours ago
Damian Priest’s face-to-face with Bad Bunny spins out of control: WWE Backlash Press Conference,https://www.youtube.com/watch?v=-jxdQcLzo7w,https://i.ytimg.com/vi/u8BjYBdCCc0/hqdefault.jpg?sqp=-oaymwEcCNACELwBSFXyq4qpAw4IARUAAIhCGAFwAcABBg==&rs=AOn4CLDc9btqfkfEnpKxVHN4VCkladOj9Q,68K views,3 hours ago
Triple H reveals Heavyweight Title Tournament begins after Backlash: WWE Backlash Press Conference,https://www.youtube.com/watch?v=-jxdQcLzo7w,https://i.ytimg.com/vi/AeYXyUFoh0s/hqdefault.jpg?sqp=-oaymwEcCNACELwBSFXyq4qpAw4IARUAAIhCGAFwAcABBg==&rs=AOn4CLBAk5HduqswYVbrenmwsCkHoJo6xA,44K views,3 hours ago
Cody Rhodes sends the Puerto Rican crowd into a frenzy: WWE Backlash Press Conference,https://www.youtube.com/watch?v=-jxdQcLzo7w,https://i.ytimg.com/vi/WGNrrrWyNvE/hqdefault.jpg?sqp=-oaymwEcCNACELwBSFXyq4qpAw4IARUAAIhCGAFwAcABBg==&rs=AOn4CLA9cug16WZ2ePxi3MvZ5kxYtT_V_A,30K views,3 hours ago
Rhea Ripley vows to embarrass Zelina Vega at WWE Backlash: WWE Backlash Press Conference,https://www.youtube.com/watch?v=2BxzJarC3io,https://i.ytimg.com/vi/6di63KYGuxo/hqdefault.jpg?sqp=-oaymwEcCNACELwBSFXyq4qpAw4IARUAAIhCGAFwAcABBg==&rs=AOn4CLAYQADwxY1TV6J90LWZ0FpBaNha7g,44K views,3 hours ago
Priest & Mysterio visit Bunny’s basketball team: Judgment Day WWE Backlash 2023 Vlog,https://www.youtube.com/watch?v=2BxzJarC3io,https://i.ytimg.com/vi/CZKlAjaYeCU/hqdefault.jpg?sqp=-oaymwEcCNACELwBSFXyq4qpAw4IARUAAIhCGAFwAcABBg==&rs=AOn4CLAWxcs4ay-Pr0O9EDMtJIbKZ0Kz3Q,88K views,5 hours ago
Triple H and X-Pac recall a hilarious moment: A&E WWE’s Most Wanted Treasures – D-Generation X,https://www.youtube.com/watch?v=2BxzJarC3io,https://i.ytimg.com/vi/XWVVT_LkI44/hqdefault.jpg?sqp=-oaymwEcCNACELwBSFXyq4qpAw4IARUAAIhCGAFwAcABBg==&rs=AOn4CLCx54VLBPV5fNr-xK6UPKIp3Dd2LQ,22K views,6 hours ago
This is Awesome gets the Celebrity treatment,https://www.youtube.com/watch?v=hFtcz63PMno,https://i.ytimg.com/vi/5_DggwPZpGY/hqdefault.jpg?sqp=-oaymwEcCNACELwBSFXyq4qpAw4IARUAAIhCGAFwAcABBg==&rs=AOn4CLDPi8jWavI1rpsV7GKo9cEdPHxYHg,6.9K views,6 hours ago
FULL MATCH — Randy Orton vs. John Cena vs. Triple H vs. JBL – WWE Title Match: Backlash 2008,https://www.youtube.com/watch?v=hFtcz63PMno,https://i.ytimg.com/vi/L7d0hbP11WY/hqdefault.jpg?sqp=-oaymwEcCNACELwBSFXyq4qpAw4IARUAAIhCGAFwAcABBg==&rs=AOn4CLCQmASZFzZJFfA5M4Gz8EkUXROUOA,70K views,7 hours ago
Cody Rhodes vs. Brock Lesnar – Road to Backlash 2023: WWE Playlist,https://www.youtube.com/watch?v=hFtcz63PMno,https://i.ytimg.com/vi/kgC8zIVHK_U/hqdefault.jpg?sqp=-oaymwEcCNACELwBSFXyq4qpAw4IARUAAIhCGAFwAcABBg==&rs=AOn4CLDkqqWoaWvtox0epa-C2KILd-RqXw,99K views,8 hours ago
Pat McAfee’s dream came true at WrestleMania: This is Awesome sneak peek,https://www.youtube.com/watch?v=g6ii34OLtnU,https://i.ytimg.com/vi/kBVbAgLpI9Q/hqdefault.jpg?sqp=-oaymwEcCNACELwBSFXyq4qpAw4IARUAAIhCGAFwAcABBg==&rs=AOn4CLBMoApHb7XQV3FyxhGyJScOLklF-g,28K views,1 day ago
Austin Theory vs. Bobby Lashley vs. Bronson Reed – U.S. Title: WWE Backlash Hype Video,https://www.youtube.com/watch?v=g6ii34OLtnU,https://i.ytimg.com/vi/nWzRpLFz2kw/hqdefault.jpg?sqp=-oaymwEcCNACELwBSFXyq4qpAw4IARUAAIhCGAFwAcABBg==&rs=AOn4CLBmJT5x3ega6q1gvPu8t8XFmLhP5g,51K views,1 day ago
FULL MATCH — Rob Van Dam vs. Shelton Benjamin – Intercontinental Title Match,https://www.youtube.com/watch?v=g6ii34OLtnU,https://i.ytimg.com/vi/x03IGWa9kIY/hqdefault.jpg?sqp=-oaymwEcCNACELwBSFXyq4qpAw4IARUAAIhCGAFwAcABBg==&rs=AOn4CLCndmicgInYOxMWVxPCJLA_EZ1cSQ,150K views,1 day ago
FULL MATCH — Victoria vs. Lita – Women’s Title Match: WWE Backlash 2004,https://www.youtube.com/watch?v=u8BjYBdCCc0,https://i.ytimg.com/vi/0yRfc8GdEG4/hqdefault.jpg?sqp=-oaymwEcCNACELwBSFXyq4qpAw4IARUAAIhCGAFwAcABBg==&rs=AOn4CLBY55yR0IkYeOWTicmazc8JqXcFDw,133K views,1 day ago
Cody Rhodes vs Brock Lesnar: WWE Backlash Hype Video,https://www.youtube.com/watch?v=u8BjYBdCCc0,https://i.ytimg.com/vi/mzsQMOlIP_w/hqdefault.jpg?sqp=-oaymwEcCNACELwBSFXyq4qpAw4IARUAAIhCGAFwAcABBg==&rs=AOn4CLDN3iC1tRh8QDBQD0Fi9PuIoJgUXw,64K views,1 day ago
The Usos watch The Bloodline vs. McIntyre & RK-Bro: WWE Playback,https://www.youtube.com/watch?v=u8BjYBdCCc0,https://i.ytimg.com/vi/GhaAe7QO54Y/hqdefault.jpg?sqp=-oaymwEcCNACELwBSFXyq4qpAw4IARUAAIhCGAFwAcABBg==&rs=AOn4CLD9vPmcoJyyECSvQklBJR6F-_4pUw,142K views,1 day ago
FULL MATCH — Kevin Owens vs. AJ Styles – United States Title Match: WWE Backlash 2017,https://www.youtube.com/watch?v=AeYXyUFoh0s,https://i.ytimg.com/vi/WQxQaezy1Jk/hqdefault.jpg?sqp=-oaymwEcCNACELwBSFXyq4qpAw4IARUAAIhCGAFwAcABBg==&rs=AOn4CLDY5Mn7unifenvVDnezkdfifwlFcg,145K views,1 day ago
"Celebrities who fought in the ring: WWE Top 10, May 4, 2023",https://www.youtube.com/watch?v=AeYXyUFoh0s,https://i.ytimg.com/vi/TqKKy417Edk/hqdefault.jpg?sqp=-oaymwEcCNACELwBSFXyq4qpAw4IARUAAIhCGAFwAcABBg==&rs=AOn4CLAoJYlL2tVIPyks50HznaFv1eMLWA,296K views,1 day ago
Get a closer look at the new World Heavyweight Championship,https://www.youtube.com/watch?v=AeYXyUFoh0s,https://i.ytimg.com/vi/Qb_WBZrleWo/hqdefault.jpg?sqp=-oaymwEcCNACELwBSFXyq4qpAw4IARUAAIhCGAFwAcABBg==&rs=AOn4CLCas8Iv8zLsRWAKGxQARmhDxu4sQw,257K views,2 days ago
"Top 10 Mejores Momentos de RAW: WWE Top 10, Mayo 1, 2023",https://www.youtube.com/watch?v=WGNrrrWyNvE,https://i.ytimg.com/vi/GMCGozqb_mo/hqdefault.jpg?sqp=-oaymwEcCNACELwBSFXyq4qpAw4IARUAAIhCGAFwAcABBg==&rs=AOn4CLB6gIizgPIrQF_yiMsRY4fDLGAR0Q,41K views,2 days ago
"Top 10 WWE NXT moments: WWE Top 10, May 2, 2023",https://www.youtube.com/watch?v=WGNrrrWyNvE,https://i.ytimg.com/vi/jJL4dYxCTII/hqdefault.jpg?sqp=-oaymwEcCNACELwBSFXyq4qpAw4IARUAAIhCGAFwAcABBg==&rs=AOn4CLAIlE2JUwg0aGjuErbqaUpnMoZthg,179K views,2 days ago
Bad Bunny vs. Damian Priest – San Juan Street Fight: WWE Backlash Hype Video,https://www.youtube.com/watch?v=WGNrrrWyNvE,https://i.ytimg.com/vi/_ZViQOGcOS8/hqdefault.jpg?sqp=-oaymwEcCNACELwBSFXyq4qpAw4IARUAAIhCGAFwAcABBg==&rs=AOn4CLCNRpRzrpKQW6c2DwDV8ehgI70s6A,41K views,2 days ago
FULL MATCH – Luke Harper vs. Erick Rowan: Backlash 2017,https://www.youtube.com/watch?v=6di63KYGuxo,https://i.ytimg.com/vi/HwIruWW6reY/hqdefault.jpg?sqp=-oaymwEcCNACELwBSFXyq4qpAw4IARUAAIhCGAFwAcABBg==&rs=AOn4CLBdZExJexpr0sHO15xzAL4Soi4Lzg,86K views,2 days ago
"A massive brawl breaks out as Superstars eye vacant Women’s Title: WWE NXT highlights, May 2, 2023",https://www.youtube.com/watch?v=6di63KYGuxo,https://i.ytimg.com/vi/Ndl8kDxO0p0/hqdefault.jpg?sqp=-oaymwEcCNACELwBSFXyq4qpAw4IARUAAIhCGAFwAcABBg==&rs=AOn4CLC8xcUAqS6r6xzmG0xipcdE7u0twQ,174K views,2 days ago
"Indi Hartwell announces a tournament to crown the new champion: WWE NXT highlights, May 2, 2023",https://www.youtube.com/watch?v=6di63KYGuxo,https://i.ytimg.com/vi/OX41zc88K0o/hqdefault.jpg?sqp=-oaymwEcCNACELwBSFXyq4qpAw4IARUAAIhCGAFwAcABBg==&rs=AOn4CLBxXMvObL1WikeKBUWKitgAa_CKgQ,207K views,2 days ago
"Von Wagner is keeping a secret from Mr. Stone: WWE NXT highlights, May 2, 2023",https://www.youtube.com/watch?v=CZKlAjaYeCU,https://i.ytimg.com/vi/Wt4HHE3hn94/hqdefault.jpg?sqp=-oaymwEcCNACELwBSFXyq4qpAw4IARUAAIhCGAFwAcABBg==&rs=AOn4CLCK9E3KPMdUoxp9DW9fuUWURbaBrg,37K views,2 days ago
"Apollo Crews shows love to Trick Williams: WWE NXT highlights, May 2, 2023",https://www.youtube.com/watch?v=CZKlAjaYeCU,https://i.ytimg.com/vi/4Hcd7i4Gsls/hqdefault.jpg?sqp=-oaymwEcCNACELwBSFXyq4qpAw4IARUAAIhCGAFwAcABBg==&rs=AOn4CLAd9F6D9WFGCidrHQ9iZF0f_J37RA,48K views,2 days ago
"Isla Dawn & Alba Fyre vs. Kayden Carter & Katana Chance: WWE NXT highlights, May 2, 2023",https://www.youtube.com/watch?v=CZKlAjaYeCU,https://i.ytimg.com/vi/fc4XPZfBdRE/hqdefault.jpg?sqp=-oaymwEcCNACELwBSFXyq4qpAw4IARUAAIhCGAFwAcABBg==&rs=AOn4CLABJuI0xHxRb2vSnXGfLTZBKb-qxw,86K views,2 days ago
"Dani Palmer shines in NXT debut: WWE NXT highlights, May 2, 2023",https://www.youtube.com/watch?v=XWVVT_LkI44,https://i.ytimg.com/vi/aUy-Ry2tW-M/hqdefault.jpg?sqp=-oaymwEcCNACELwBSFXyq4qpAw4IARUAAIhCGAFwAcABBg==&rs=AOn4CLB5-OI3oMe_TgIDIMc_w6NW0rpVoA,88K views,2 days ago
"Duke Hudson fills in for Andre Chase at Chase U: WWE NXT highlights, May 2, 2023",https://www.youtube.com/watch?v=XWVVT_LkI44,https://i.ytimg.com/vi/yvNYZ_lJ2Po/hqdefault.jpg?sqp=-oaymwEcCNACELwBSFXyq4qpAw4IARUAAIhCGAFwAcABBg==&rs=AOn4CLCe452klWudWz5dCkN03eMzYA9Bqg,24K views,2 days ago
"Eddy Thorpe doesn’t appreciate the disrespect shown by Damon Kemp: WWE NXT highlights, May 2, 2023",https://www.youtube.com/watch?v=XWVVT_LkI44,https://i.ytimg.com/vi/RBwK3xsWuzw/hqdefault.jpg?sqp=-oaymwEcCNACELwBSFXyq4qpAw4IARUAAIhCGAFwAcABBg==&rs=AOn4CLA345qvdtfvpI1JxW4zo46xG2LYvQ,21K views,2 days ago
"Schism’s chaos leads to Joe Gacy beating Joe Coffey: WWE NXT highlights, May 2, 2023",https://www.youtube.com/watch?v=5_DggwPZpGY,https://i.ytimg.com/vi/9m7j7cfNf4U/hqdefault.jpg?sqp=-oaymwEcCNACELwBSFXyq4qpAw4IARUAAIhCGAFwAcABBg==&rs=AOn4CLAA6jTyC34Qzgs8qrLlsqRrXrKrqQ,39K views,2 days ago
"JD McDonagh defeats Dragon Lee with assist from Noam Dar: WWE NXT highlights, May 2, 2023",https://www.youtube.com/watch?v=5_DggwPZpGY,https://i.ytimg.com/vi/yl68fJaaO6A/hqdefault.jpg?sqp=-oaymwEcCNACELwBSFXyq4qpAw4IARUAAIhCGAFwAcABBg==&rs=AOn4CLDzv6YoxBnrhf-8fqQr27ocH8B0OA,55K views,2 days ago
"Axiom unmasks SCRYPTS in humiliating fashion: WWE NXT highlights, May 2, 2023",https://www.youtube.com/watch?v=5_DggwPZpGY,https://i.ytimg.com/vi/HFVoA1x9id4/hqdefault.jpg?sqp=-oaymwEcCNACELwBSFXyq4qpAw4IARUAAIhCGAFwAcABBg==&rs=AOn4CLAvxSvL4KOaO1FcKDb2R6xVG5esSg,174K views,2 days ago
"Axiom picks up the win against SCRYPTS: WWE NXT highlights, May 2, 2023",https://www.youtube.com/watch?v=L7d0hbP11WY,https://i.ytimg.com/vi/4KR6HPiNKSQ/hqdefault.jpg?sqp=-oaymwEcCNACELwBSFXyq4qpAw4IARUAAIhCGAFwAcABBg==&rs=AOn4CLBE51-qeSdLoqcvnZwDWL1PfRo8mA,48K views,2 days ago
"Brooks Jensen is getting back to his old self: WWE NXT highlights, May 2, 2023",https://www.youtube.com/watch?v=L7d0hbP11WY,https://i.ytimg.com/vi/2mtgcnpYzuU/hqdefault.jpg?sqp=-oaymwEcCNACELwBSFXyq4qpAw4IARUAAIhCGAFwAcABBg==&rs=AOn4CLBeZ48OqPj4ycOZgFHH33ye5HbD_w,41K views,2 days ago
"Gigi Dolin vs. Jacy Jayne: WWE NXT highlights, May 2, 2023",https://www.youtube.com/watch?v=L7d0hbP11WY,https://i.ytimg.com/vi/4JCMUbs_27c/hqdefault.jpg?sqp=-oaymwEcCNACELwBSFXyq4qpAw4IARUAAIhCGAFwAcABBg==&rs=AOn4CLAelu_WSmFWxDpMFYhfiGNSNXSbHA,69K views,2 days ago
"Trick Williams challenges Bron Breakker to a match: WWE NXT highlights, May 2, 2023",https://www.youtube.com/watch?v=kgC8zIVHK_U,https://i.ytimg.com/vi/3N-1QwwJyBo/hqdefault.jpg?sqp=-oaymwEcCNACELwBSFXyq4qpAw4IARUAAIhCGAFwAcABBg==&rs=AOn4CLDR3_I1ulNs4JGZdGZnQpMuq119nw,102K views,2 days ago
"Wes Lee retains the North American Title against Drew Gulak: WWE NXT highlights, May 2, 2023",https://www.youtube.com/watch?v=kgC8zIVHK_U,https://i.ytimg.com/vi/jnUKvytmRhw/hqdefault.jpg?sqp=-oaymwEcCNACELwBSFXyq4qpAw4IARUAAIhCGAFwAcABBg==&rs=AOn4CLDe5fy2jp-unNat-_HPq5UGj8RvCg,49K views,2 days ago
"Top 10 Raw moments: WWE Top 10, May 1, 2023",https://www.youtube.com/watch?v=kgC8zIVHK_U,https://i.ytimg.com/vi/2Hc8Kms_XA0/hqdefault.jpg?sqp=-oaymwEcCNACELwBSFXyq4qpAw4IARUAAIhCGAFwAcABBg==&rs=AOn4CLApQq8a498_ggNCJuwDf91Uqzi8uQ,1.4M views,3 days ago
FULL MATCH — The Miz vs. Dolph Ziggler – Intercontinental Title Match: WWE Backlash 2016,https://www.youtube.com/watch?v=kBVbAgLpI9Q,https://i.ytimg.com/vi/wnB_6EkEnsM/hqdefault.jpg?sqp=-oaymwEcCNACELwBSFXyq4qpAw4IARUAAIhCGAFwAcABBg==&rs=AOn4CLDx3DAnQQ0RvcfZ4XnIIo5M9viYCQ,99K views,3 days ago
EVERY pick in the 2023 WWE Draft,https://www.youtube.com/watch?v=kBVbAgLpI9Q,https://i.ytimg.com/vi/rdyDxTV_mI8/hqdefault.jpg?sqp=-oaymwEcCNACELwBSFXyq4qpAw4IARUAAIhCGAFwAcABBg==&rs=AOn4CLBs3i5Ev1VpI2yEXz5bpbFczMLu8w,677K views,3 days ago
FULL MATCH — AJ Styles vs. Shinsuke Nakamura – No Disqualification Title Match: WWE Backlash 2018,https://www.youtube.com/watch?v=kBVbAgLpI9Q,https://i.ytimg.com/vi/SWlUfc45pCU/hqdefault.jpg?sqp=-oaymwEcCNACELwBSFXyq4qpAw4IARUAAIhCGAFwAcABBg==&rs=AOn4CLBpnsQRmIVh4kBPe-mnLfPEOYZdTg,209K views,3 days ago
"FULL SEGMENT — The Rock's birthday celebration: Raw, May 2, 2011",https://www.youtube.com/watch?v=nWzRpLFz2kw,https://i.ytimg.com/vi/BU-YBuhRdy8/hqdefault.jpg?sqp=-oaymwEcCNACELwBSFXyq4qpAw4IARUAAIhCGAFwAcABBg==&rs=AOn4CLD1kJ4-AYYP9BVRadlN3ZZg4spo1g,89K views,3 days ago
The Bloodline’s first entrance: On this day in 2016,https://www.youtube.com/watch?v=nWzRpLFz2kw,https://i.ytimg.com/vi/ukbyUh128S8/hqdefault.jpg?sqp=-oaymwEcCNACELwBSFXyq4qpAw4IARUAAIhCGAFwAcABBg==&rs=AOn4CLBo00Lq6P5kT5R1s2puJSKG3jVyPQ,165K views,3 days ago
Indus Sher ready to smash their way onto Raw,https://www.youtube.com/watch?v=nWzRpLFz2kw,https://i.ytimg.com/vi/ZCMVbZ5VxFw/hqdefault.jpg?sqp=-oaymwEcCNACELwBSFXyq4qpAw4IARUAAIhCGAFwAcABBg==&rs=AOn4CLC5oWU_EYLUUiKVTSWjw6QyClHEkw,102K views,3 days ago
Get your popcorn ready for Odyssey Jones’ debut,https://www.youtube.com/watch?v=x03IGWa9kIY,https://i.ytimg.com/vi/h0cAveuqGOo/hqdefault.jpg?sqp=-oaymwEcCNACELwBSFXyq4qpAw4IARUAAIhCGAFwAcABBg==&rs=AOn4CLBTWB9_DFJzBj0UwwFka29CK9H89Q,58K views,3 days ago
Pretty Deadly are the tastiest snacks in the WWE Universe,https://www.youtube.com/watch?v=x03IGWa9kIY,https://i.ytimg.com/vi/qnvJYtjLt_c/hqdefault.jpg?sqp=-oaymwEcCNACELwBSFXyq4qpAw4IARUAAIhCGAFwAcABBg==&rs=AOn4CLC2J7pQatUaUv9WPnOVHrzS96k7HQ,45K views,3 days ago
Katana Chance & Kayden Carter are bringing the party,https://www.youtube.com/watch?v=x03IGWa9kIY,https://i.ytimg.com/vi/gq9WcHR3AUU/hqdefault.jpg?sqp=-oaymwEcCNACELwBSFXyq4qpAw4IARUAAIhCGAFwAcABBg==&rs=AOn4CLDxZoKvKyKKPZJL4PYC5dyr_j8UvA,55K views,3 days ago
Get ready haters: Grayson Waller is coming to SmackDown,https://www.youtube.com/watch?v=0yRfc8GdEG4,https://i.ytimg.com/vi/DANgBjhS5uQ/hqdefault.jpg?sqp=-oaymwEcCNACELwBSFXyq4qpAw4IARUAAIhCGAFwAcABBg==&rs=AOn4CLBgVVDyY9HAlF1sygcJWCkLvoPIfQ,70K views,3 days ago
"Damage CTRL vows to own the gold: Raw exclusive, May 1, 2023",https://www.youtube.com/watch?v=0yRfc8GdEG4,https://i.ytimg.com/vi/EwDLpvUi08A/hqdefault.jpg?sqp=-oaymwEcCNACELwBSFXyq4qpAw4IARUAAIhCGAFwAcABBg==&rs=AOn4CLAvwOJSoUHZ_ug90WtFlpAjwisxCA,56K views,3 days ago
"Seth “Freakin” Rollins takes on Solo Sikoa in first-ever matchup: Raw highlights, May 1, 2023",https://www.youtube.com/watch?v=0yRfc8GdEG4,https://i.ytimg.com/vi/YxJIlgR2i7A/hqdefault.jpg?sqp=-oaymwEcCNACELwBSFXyq4qpAw4IARUAAIhCGAFwAcABBg==&rs=AOn4CLBciFwP2lgfYCc_ULJKqRFUE7ee8g,892K views,3 days ago
"Bianca Belair is ready for IYO SKY to shine: Raw highlights, May 1, 2023",https://www.youtube.com/watch?v=mzsQMOlIP_w,https://i.ytimg.com/vi/TVOtZf4HYe0/hqdefault.jpg?sqp=-oaymwEcCNACELwBSFXyq4qpAw4IARUAAIhCGAFwAcABBg==&rs=AOn4CLB_Ijdex41PioEMHeA1v_K4qooS5w,122K views,3 days ago
"Alpha Academy, Rick Boogs and NXT call-ups round out Sixth Round: Raw highlights, May 1, 2023",https://www.youtube.com/watch?v=mzsQMOlIP_w,https://i.ytimg.com/vi/4aLZX2Vfdmc/hqdefault.jpg?sqp=-oaymwEcCNACELwBSFXyq4qpAw4IARUAAIhCGAFwAcABBg==&rs=AOn4CLB-tJemDz_wLsyiDTslfVgrK7RRvQ,217K views,3 days ago
"Omos and MVP hope Seth ""Freakin"" Rollins was watching: Raw exclusive, May 1, 2023",https://www.youtube.com/watch?v=mzsQMOlIP_w,https://i.ytimg.com/vi/kuSLAZ2TnB0/hqdefault.jpg?sqp=-oaymwEcCNACELwBSFXyq4qpAw4IARUAAIhCGAFwAcABBg==&rs=AOn4CLDPHn3uvmLuTxlNJkoDJ4PAqnReZQ,37K views,3 days ago
"New NXT, new opportunities",https://www.youtube.com/watch?v=GhaAe7QO54Y,https://i.ytimg.com/vi/DIv7uiiJXqI/hqdefault.jpg?sqp=-oaymwEcCNACELwBSFXyq4qpAw4IARUAAIhCGAFwAcABBg==&rs=AOn4CLD5Unnt0jLsRoaQ8LxsR4yF3OobrQ,52K views,3 days ago
"Cody Rhodes refuses to go to the back of the line: Raw highlights, May 1, 2023",https://www.youtube.com/watch?v=GhaAe7QO54Y,https://i.ytimg.com/vi/RLVfMy4cZKQ/hqdefault.jpg?sqp=-oaymwEcCNACELwBSFXyq4qpAw4IARUAAIhCGAFwAcABBg==&rs=AOn4CLA0qCvO8IXwnsPjNwzWLbZDnDyhmQ,146K views,3 days ago
"Dominik Mysterio showered with boos - ISOLATED AUDIO: Raw highlights, May 1, 2023",https://www.youtube.com/watch?v=GhaAe7QO54Y,https://i.ytimg.com/vi/8bfSUiViF9I/hqdefault.jpg?sqp=-oaymwEcCNACELwBSFXyq4qpAw4IARUAAIhCGAFwAcABBg==&rs=AOn4CLDfhvRrYyYzpDEeHJ9arReyivkO1A,272K views,3 days ago
"Rhea Ripley lifts Rey Mysterio over her head: Raw highlights, May 1, 2023",https://www.youtube.com/watch?v=WQxQaezy1Jk,https://i.ytimg.com/vi/cP92IRHBnVE/hqdefault.jpg?sqp=-oaymwEcCNACELwBSFXyq4qpAw4IARUAAIhCGAFwAcABBg==&rs=AOn4CLA8vBErqGx0bXkDsWrz4CgPRmTQuw,177K views,3 days ago
"LWO and Judgment Day throw down in Mixed Tag Team Action: Raw highlights, May 1, 2023",https://www.youtube.com/watch?v=WQxQaezy1Jk,https://i.ytimg.com/vi/L20bx__C_JI/hqdefault.jpg?sqp=-oaymwEcCNACELwBSFXyq4qpAw4IARUAAIhCGAFwAcABBg==&rs=AOn4CLDWq1eTF-KtiIBo0l-kR1gK1-HlmA,266K views,3 days ago
Bad Bunny comes to SmackDown!,https://www.youtube.com/watch?v=WQxQaezy1Jk,https://i.ytimg.com/vi/vT8OWwAi3K8/hqdefault.jpg?sqp=-oaymwEcCNACELwBSFXyq4qpAw4IARUAAIhCGAFwAcABBg==&rs=AOn4CLDB0UuICH_pp9V-kSJ3ysI3bnkIAw,37K views,3 days ago
"The Judgment Day scream their points across: Raw highlights, May 1, 2023",https://www.youtube.com/watch?v=TqKKy417Edk,https://i.ytimg.com/vi/Q_E-36L_ss0/hqdefault.jpg?sqp=-oaymwEcCNACELwBSFXyq4qpAw4IARUAAIhCGAFwAcABBg==&rs=AOn4CLDYu02XkW6tpBE1TH2NC30LzQfBiw,215K views,3 days ago
"Jey Uso is rebuffed by Paul Heyman and Solo Sikoa: Raw highlights, May 1, 2023",https://www.youtube.com/watch?v=TqKKy417Edk,https://i.ytimg.com/vi/PF7OqxWERCY/hqdefault.jpg?sqp=-oaymwEcCNACELwBSFXyq4qpAw4IARUAAIhCGAFwAcABBg==&rs=AOn4CLAYW3rvXKVBdiBk0tYVJdD5QtXsdg,445K views,3 days ago
"Matt Riddle vs. Jimmy Uso: Raw highlights, May 1, 2023",https://www.youtube.com/watch?v=TqKKy417Edk,https://i.ytimg.com/vi/r5jX1r7Utic/hqdefault.jpg?sqp=-oaymwEcCNACELwBSFXyq4qpAw4IARUAAIhCGAFwAcABBg==&rs=AOn4CLCXoMAqSrPBjBinVyUAR1LV09DcUw,318K views,3 days ago
"Omos continues to rise in beatdown of a local talent: Raw highlights, May 1, 2023",https://www.youtube.com/watch?v=Qb_WBZrleWo,https://i.ytimg.com/vi/3TRyDJiB7Mo/hqdefault.jpg?sqp=-oaymwEcCNACELwBSFXyq4qpAw4IARUAAIhCGAFwAcABBg==&rs=AOn4CLBOt8K7lpvbEnkVksIchu1fEn-sJA,144K views,3 days ago
"Pretty Deadly are headed to SmackDown - ""Yes Boy!"": Raw highlights, May 1, 2023",https://www.youtube.com/watch?v=Qb_WBZrleWo,https://i.ytimg.com/vi/PUHQpsQcfhs/hqdefault.jpg?sqp=-oaymwEcCNACELwBSFXyq4qpAw4IARUAAIhCGAFwAcABBg==&rs=AOn4CLAt4_WSMgnn_dN6Yh-B2iwI7srvKQ,142K views,3 days ago
"Shinsuke Nakamura mocks The Miz on ""Miz TV"": Raw highlights, May 1, 2023",https://www.youtube.com/watch?v=Qb_WBZrleWo,https://i.ytimg.com/vi/M1z-cB068nY/hqdefault.jpg?sqp=-oaymwEcCNACELwBSFXyq4qpAw4IARUAAIhCGAFwAcABBg==&rs=AOn4CLDw8NUJ2rv2TMaCELEHBPnPfzkBww,330K views,3 days ago
"Former Champions Trish Stratus, Ronda Rousey & Shayna Baszler all head to Raw: Raw, May 1, 2023",https://www.youtube.com/watch?v=GMCGozqb_mo,https://i.ytimg.com/vi/epCuZh1FusA/hqdefault.jpg?sqp=-oaymwEcCNACELwBSFXyq4qpAw4IARUAAIhCGAFwAcABBg==&rs=AOn4CLBgmT0Z40YMPnwHJESLTed5KBlu2g,252K views,3 days ago
"IYO SKY is ready for takeoff: Raw highlights, May 1, 2023",https://www.youtube.com/watch?v=GMCGozqb_mo,https://i.ytimg.com/vi/9VFhtFj3Lpw/hqdefault.jpg?sqp=-oaymwEcCNACELwBSFXyq4qpAw4IARUAAIhCGAFwAcABBg==&rs=AOn4CLBw9xUFmvYabnBpP0BiD6Uk2lZG_A,69K views,3 days ago
"Liv Morgan & Raquel Rodriguez bring tag titles to Raw: Raw highlights, May 1, 2023",https://www.youtube.com/watch?v=GMCGozqb_mo,https://i.ytimg.com/vi/80u76tvEn1Q/hqdefault.jpg?sqp=-oaymwEcCNACELwBSFXyq4qpAw4IARUAAIhCGAFwAcABBg==&rs=AOn4CLDG4F6_nAbG1ug3LN2g1QCBUU3quw,182K views,3 days ago
"Cody Rhodes tries to ambush Brock Lesnar: Raw highlights, May 1, 2023",https://www.youtube.com/watch?v=jJL4dYxCTII,https://i.ytimg.com/vi/BYH6F-OrWE8/hqdefault.jpg?sqp=-oaymwEcCNACELwBSFXyq4qpAw4IARUAAIhCGAFwAcABBg==&rs=AOn4CLD2pIxJ7fwq34cy53qYVXqVmlh_OQ,1.8M views,3 days ago
"Bad Bunny's war with Damian Priest: Raw highlights, May 1, 2023",https://www.youtube.com/watch?v=jJL4dYxCTII,https://i.ytimg.com/vi/F3NQvVQs9ZM/hqdefault.jpg?sqp=-oaymwEcCNACELwBSFXyq4qpAw4IARUAAIhCGAFwAcABBg==&rs=AOn4CLBj_H-bAItymdmKohPts1gIvgYbgQ,113K views,3 days ago
"Braun Strowman & Ricochet vs. Alpha Academy: Raw highlights, May 1, 2023",https://www.youtube.com/watch?v=jJL4dYxCTII,https://i.ytimg.com/vi/nGMaJsYeHrM/hqdefault.jpg?sqp=-oaymwEcCNACELwBSFXyq4qpAw4IARUAAIhCGAFwAcABBg==&rs=AOn4CLCiKLVX1NzsMAi189DZKG-2HlKmlQ,174K views,3 days ago
"The WWE Draft sends The Mysterios in opposite directions: Raw highlights, May 1, 2023",https://www.youtube.com/watch?v=_ZViQOGcOS8,https://i.ytimg.com/vi/XSMZ36ZgX9I/hqdefault.jpg?sqp=-oaymwEcCNACELwBSFXyq4qpAw4IARUAAIhCGAFwAcABBg==&rs=AOn4CLC9A-8CBJDmLW1xOzekrrMgwg5Mug,343K views,3 days ago
"Liv Morgan & Raquel Rodriguez tangle with Damage CTRL: Raw highlights, May 1, 2023",https://www.youtube.com/watch?v=_ZViQOGcOS8,https://i.ytimg.com/vi/2_jb_jCIeoY/hqdefault.jpg?sqp=-oaymwEcCNACELwBSFXyq4qpAw4IARUAAIhCGAFwAcABBg==&rs=AOn4CLASvGUKlpBJEIwZ7NddKSM4-kb7HQ,161K views,3 days ago
"Paul Heyman has a ""Freakin"" problem with Seth ""Freakin"" Rollins: Raw highlights, May 1, 2023",https://www.youtube.com/watch?v=_ZViQOGcOS8,https://i.ytimg.com/vi/In46US6bXVI/hqdefault.jpg?sqp=-oaymwEcCNACELwBSFXyq4qpAw4IARUAAIhCGAFwAcABBg==&rs=AOn4CLCkv6XzJpMwPZHER_OQgpD5tMteTA,877K views,3 days ago
"Rhea Ripley the top pick on Night Two of WWE Draft: Raw highlights, May 1, 2023",https://www.youtube.com/watch?v=HwIruWW6reY,https://i.ytimg.com/vi/WKbE2kBlG6U/hqdefault.jpg?sqp=-oaymwEcCNACELwBSFXyq4qpAw4IARUAAIhCGAFwAcABBg==&rs=AOn4CLDfUOYhyvJ2ZzN9zeAIQslMu3gBAQ,385K views,3 days ago
"Omos, Ali, Ziggler, Von Wagner confirmed as free agents: SmackDown LowDown, April 28, 2023",https://www.youtube.com/watch?v=HwIruWW6reY,https://i.ytimg.com/vi/_OGgOPnUbwY/hqdefault.jpg?sqp=-oaymwEcCNACELwBSFXyq4qpAw4IARUAAIhCGAFwAcABBg==&rs=AOn4CLB1XvLfHL44jhEHz52P3kgN9-0gEQ,112K views,3 days ago
"Byron Saxton lines up the unpredictable second night of the WWE Draft: Raw Exclusive, May 1, 2023",https://www.youtube.com/watch?v=HwIruWW6reY,https://i.ytimg.com/vi/4GwrtO4C73o/hqdefault.jpg?sqp=-oaymwEcCNACELwBSFXyq4qpAw4IARUAAIhCGAFwAcABBg==&rs=AOn4CLCS9xu26Lr4io-n1wZ-R3aQ_JfD9Q,40K views,3 days ago
